date,dow,sp500,us10y_yield_pct,wti_crude,news
2026-09-11,52064.1,7591.7,4.944,102.94,
2026-09-14,52421.2,7619.98,4.961,101.95,"Per ""Bitcoin Faces 87% Fed Hike Odds Wednesday: Will Treasury Save the Rally?"" (BeInCrypto) -- us10y_yield_pct moved +2bp to 4.96%."
2026-09-15,52093.11,7585.73,4.996,105.42,"Per ""Saudi Arabia built the East-West pipeline in the 1980s in case Iran closed Hormuz. Tehran-backed militias still blasted it, sending oil prices up"" (Biztoc.com) -- wti_crude moved +3.40% to 105.42."
2026-09-16,51461.9,7551.81,5.006,101.99,"Per ""Government bond yields edge higher on OMO sales, Fed rate bets"" (The Times of India) -- us10y_yield_pct moved +1bp to 5.01%; ""Cochlear vs Pro Medicus: Which beaten-down ASX healthcare share is the better buy today?"" (Motley Fool Australia) -- dow moved -1.21% to 51,461.90."
2026-09-17,51778.04,7637.76,4.947,101.1,
2026-09-18,51682.64,7650.5,4.998,95.47,
2026-09-22,52048.83,7764.7,4.963,92.26,
2026-09-23,51511.59,7706.03,5.114,92.1,"Per ""Dangote, marketers cut petrol prices as crude falls"" (The Punch) -- wti_crude moved -0.17% to 92.10."
2026-09-24,51349.98,7704.13,5.162,93.98,"Per ""Petrol under-dispensing: NMDPRA cracks down on filling stations"" (The Punch) -- dow moved -0.31% to 51,349.98; ""US sanctions shut down 80-90% of Iran’s external flights"" (Crypto Briefing) -- dow moved -0.31% to 51,349.98."
2026-09-25,51828.62,7743.41,5.184,92.44,"Per ""Stock market today: Dow, S&P 500, Nasdaq trims losses as hopes of Hormuz deal offset rising bond yields - Yahoo Finance"" (Slashdot.org) -- us10y_yield_pct moved +2bp to 5.18%."
2026-09-29,51481.51,7683.69,5.24,93.41,"Per ""Stocks cautious in Asia as oil gains, yields rise"" (CNA) -- wti_crude moved +1.05% to 93.41."
2026-09-30,51349.92,7670.84,5.255,89.25,"Per ""Bond yields move relentlessly higher, as Wall Street wonders how much more tech stocks can take - MarketWatch"" (Slashdot.org) -- us10y_yield_pct moved +1bp to 5.25%; ""High inflation, gas prices push Trump approval ratings down: ""The polls are fake,"" he says"" (Biztoc.com) -- dow moved -0.26% to 51,349.92."
2026-10-01,50906.05,7651.54,5.293,90.42,"Per ""Bond supply may outweigh demand, push yields higher"" (The Times of India) -- us10y_yield_pct moved +4bp to 5.29%; ""Oil's New Normal Is Higher Prices"" (OilPrice.com) -- wti_crude moved +1.31% to 90.42."
2026-10-02,50926.56,7666.45,5.237,93.05,"Per ""US stocks rise after stable inflation reading"" (The Punch) -- sp500 moved +0.19% to 7,666.45."
2026-10-03,51176.96,7722.72,5.277,91.26,"Per ""3 Bank Stocks That Could Benefit If Rates Stay Higher for Longer"" (Biztoc.com) -- sp500 moved +0.73% to 7,722.72."
2026-10-06,51267.9,7773.95,5.311,89.47,"Per ""Sensex Today | Nifty 50 | Stock Market Live Updates: GIFT Nifty signals a positive start; Asian shares trade higher"" (Economictimes.com) -- sp500 moved +0.66% to 7,773.95; ""Stock futures are flat as investors grapple with higher yields, await Fed minutes: Live updates"" (Biztoc.com) -- us10y_yield_pct moved +3bp to 5.31%."
2026-10-07,51521.28,7818.93,5.269,90.18,"Per ""Oil prices slip as traders weigh strong Mideast exports against Gulf tensions"" (CNA) -- wti_crude moved +0.79% to 90.18; ""Global Market Today: Asian stocks rise after US tech rally, oil dips"" (The Times of India) -- wti_crude moved +0.79% to 90.18."
2026-10-08,51179.87,7801.77,5.277,89.11,"Per ""'Arsonist' Susan Collins torched by Democrat in savage showdown as she stiff-arms Trump"" (Dailymail.com) -- dow moved -0.66% to 51,179.87."
2026-10-09,51231.64,7765.36,5.231,91.13,"Per ""Global Market Today: Asian stocks drop on inflation concerns, oil gains"" (The Times of India) -- wti_crude moved +2.27% to 91.13; ""US stocks slide as oil prices fluctuate over renewed Iran war fears"" (Al Jazeera English) -- sp500 moved -0.47% to 7,765.36."
